,vm_percent,swap_percent,cpuloadavg_1min,cpuloadavg_5min,cpu_0,cpu_1,cpu_psi_total,mem_psi_total,io_psi_total
0,6.0,0.0,3161.5875244140625,3156.8572998046875,1217676.2399999998,1140099.2130000005,1982969970.0,948192.0,79250786077.0
1,7.0,0.0,3161.5875244140625,3156.8572998046875,1217676.2399999998,1140099.2130000005,1982969970.0,948192.0,79250786077.0
2,7.1,0.0,3161.5875244140625,3156.8572998046875,1217676.2399999998,1140099.2130000005,1982969970.0,948192.0,79250786077.0
3,7.1,0.0,3161.5875244140625,3156.8572998046875,1217676.2399999998,1140099.2130000005,1982969970.0,948192.0,79250786077.0
4,7.2,0.0,3161.5875244140625,3156.8572998046875,1217676.2399999998,1140099.2130000005,1982969970.0,948192.0,79250786077.0
5,7.3,0.0,3161.5875244140625,3156.8572998046875,1217676.2399999998,1140099.2130000005,1982969970.0,948192.0,79250786077.0
6,7.4,0.0,3161.5875244140625,3156.8572998046875,1217676.2399999998,1140099.2130000005,1982969970.0,948192.0,79250786077.0
7,7.5,0.0,3161.5875244140625,3156.8572998046875,1217676.2399999998,1140099.2130000005,1982969970.0,948192.0,79250786077.0
8,7.5,0.0,3161.5875244140625,3156.8572998046875,1217676.2399999998,1140099.2130000005,1982969970.0,948192.0,79250786077.0
9,7.5,0.0,3161.5875244140625,3156.8572998046875,1217676.2399999998,1140099.2130000005,1982969970.0,948192.0,79250786077.0
10,7.5,0.0,3161.5875244140625,3156.8572998046875,1217676.2399999998,1140099.2130000005,1982969970.0,948192.0,79250786077.0
11,7.5,0.0,3161.5875244140625,3156.8572998046875,1217676.2399999998,1140099.2130000005,1982969970.0,948192.0,79250786077.0
12,7.5,0.0,3161.5875244140625,3156.8572998046875,1217676.2399999998,1140099.2130000005,1982969970.0,948192.0,79250786077.0
13,7.5,0.0,3161.5875244140625,3156.8572998046875,1217676.2399999998,1140099.2130000005,1982969970.0,948192.0,79250786077.0
14,7.5,0.0,3161.5875244140625,3156.8572998046875,1217676.2399999998,1140099.2130000005,1982969970.0,948192.0,79250786077.0
15,7.5,0.0,3161.5875244140625,3156.8572998046875,1217676.2399999998,1140099.2130000005,1982969970.0,948192.0,79250786077.0
16,7.5,0.0,3161.5875244140625,3156.8572998046875,1217676.2399999998,1140099.2130000005,1982969970.0,948192.0,79250786077.0
17,7.5,0.0,3161.5875244140625,3156.8572998046875,1217676.2399999998,1140099.2130000005,1982969970.0,948192.0,79250786077.0
18,7.5,0.0,3161.5875244140625,3156.8572998046875,1217676.2399999998,1140099.2130000005,1982969970.0,948192.0,79250786077.0
19,7.5,0.0,3161.5875244140625,3156.8572998046875,1217676.2399999998,1140099.2130000005,1982969970.0,948192.0,79250786077.0
20,7.6,0.0,3161.5875244140625,3156.8572998046875,1217676.2399999998,1140099.2130000005,1982969970.0,948192.0,79250786077.0
21,7.6,0.0,3161.5875244140625,3156.8572998046875,1217676.2399999998,1140099.2130000005,1982969970.0,948192.0,79250786077.0
22,7.6,0.0,3161.5875244140625,3156.8572998046875,1217676.2399999998,1140099.2130000005,1982969970.0,948192.0,79250786077.0
23,7.6,0.0,3161.5875244140625,3156.8572998046875,1217676.2399999998,1140099.2130000005,1982969970.0,948192.0,79250786077.0
24,7.6,0.0,3161.5875244140625,3156.8572998046875,1217676.2399999998,1140099.2130000005,1982969970.0,948192.0,79250786077.0
25,7.6,0.0,3161.5875244140625,3156.8572998046875,1217676.2399999998,1140099.2130000005,1982969970.0,948192.0,79250786077.0
26,7.6,0.0,3161.5875244140625,3156.8572998046875,1217676.2399999998,1140099.2130000005,1982969970.0,948192.0,79250786077.0
27,7.6,0.0,3161.5875244140625,3156.8572998046875,1217676.2399999998,1140099.2130000005,1982969970.0,948192.0,79250786077.0
28,7.6,0.0,3161.5875244140625,3156.8572998046875,1217676.2399999998,1140099.2130000005,1982969970.0,948192.0,79250786077.0
29,7.6,0.0,3161.5875244140625,3156.8572998046875,1217676.2399999998,1140099.2130000005,1982969970.0,948192.0,79250786077.0
30,7.6,0.0,3161.5875244140625,3156.8572998046875,1217676.2399999998,1140099.2130000005,1982969970.0,948192.0,79250786077.0
31,7.6,0.0,3161.5875244140625,3156.8572998046875,1217676.2399999998,1140099.2130000005,1982969970.0,948192.0,79250786077.0
32,7.6,0.0,3161.5875244140625,3156.8572998046875,1217676.2399999998,1140099.2130000005,1982969970.0,948192.0,79250786077.0
33,7.6,0.0,3161.5875244140625,3156.8572998046875,1217676.2399999998,1140099.2130000005,1982969970.0,948192.0,79250786077.0
34,7.6,0.0,3161.5875244140625,3156.8572998046875,1217676.2399999998,1140099.2130000005,1982969970.0,948192.0,79250786077.0
35,7.6,0.0,3161.5875244140625,3156.8572998046875,1217676.2399999998,1140099.2130000005,1982969970.0,948192.0,79250786077.0
36,7.6,0.0,3161.5875244140625,3156.8572998046875,1217676.2399999998,1140099.2130000005,1982969970.0,948192.0,79250786077.0
37,7.6,0.0,3161.5875244140625,3156.8572998046875,1217676.2399999998,1140099.2130000005,1982969970.0,948192.0,79250786077.0
38,7.6,0.0,3161.5875244140625,3156.8572998046875,1217676.2399999998,1140099.2130000005,1982969970.0,948192.0,79250786077.0
39,7.6,0.0,3161.5875244140625,3156.8572998046875,1217676.2399999998,1140099.2130000005,1982969970.0,948192.0,79250786077.0
40,7.6,0.0,3161.5875244140625,3156.8572998046875,1217676.2399999998,1140099.2130000005,1982969970.0,948192.0,79250786077.0
41,7.6,0.0,3161.5875244140625,3156.8572998046875,1217676.2399999998,1140099.2130000005,1982969970.0,948192.0,79250786077.0
42,7.6,0.0,3161.5875244140625,3156.8572998046875,1217676.2399999998,1140099.2130000005,1982969970.0,948192.0,79250786077.0
43,7.6,0.0,3161.5875244140625,3156.8572998046875,1217676.2399999998,1140099.2130000005,1982969970.0,948192.0,79250786077.0
44,7.6,0.0,3161.5875244140625,3156.8572998046875,1217676.2399999998,1140099.2130000005,1982969970.0,948192.0,79250786077.0
45,7.6,0.0,3161.5875244140625,3156.8572998046875,1217676.2399999998,1140099.2130000005,1982969970.0,948192.0,79250786077.0
46,7.6,0.0,3161.5875244140625,3156.8572998046875,1217676.2399999998,1140099.2130000005,1982969970.0,948192.0,79250786077.0
47,7.6,0.0,3161.5875244140625,3156.8572998046875,1217676.2399999998,1140099.2130000005,1982969970.0,948192.0,79250786077.0
48,7.6,0.0,3161.5875244140625,3156.8572998046875,1217676.2399999998,1140099.2130000005,1982969970.0,948192.0,79250786077.0
49,7.6,0.0,3161.5875244140625,3156.8572998046875,1217676.2399999998,1140099.2130000005,1982969970.0,948192.0,79250786077.0
50,7.6,0.0,3161.5875244140625,3156.8572998046875,1217676.2399999998,1140099.2130000005,1982969970.0,948192.0,79250786077.0
51,7.6,0.0,3161.5875244140625,3156.8572998046875,1217676.2399999998,1140099.2130000005,1982969970.0,948192.0,79250786077.0
52,7.6,0.0,3161.5875244140625,3156.8572998046875,1217676.2399999998,1140099.2130000005,1982969970.0,948192.0,79250786077.0
53,7.6,0.0,3161.5875244140625,3156.8572998046875,1217676.2399999998,1140099.2130000005,1982969970.0,948192.0,79250786077.0
54,7.6,0.0,3161.5875244140625,3156.8572998046875,1217676.2399999998,1140099.2130000005,1982969970.0,948192.0,79250786077.0
55,7.6,0.0,3161.5875244140625,3156.8572998046875,1217676.2399999998,1140099.2130000005,1982969970.0,948192.0,79250786077.0
56,7.6,0.0,3161.5875244140625,3156.8572998046875,1217676.2399999998,1140099.2130000005,1982969970.0,948192.0,79250786077.0
57,7.6,0.0,3161.5875244140625,3156.8572998046875,1217676.2399999998,1140099.2130000005,1982969970.0,948192.0,79250786077.0
58,7.6,0.0,3161.5875244140625,3156.8572998046875,1217676.2399999998,1140099.2130000005,1982969970.0,948192.0,79250786077.0
59,7.6,0.0,3161.5875244140625,3156.8572998046875,1217676.2399999998,1140099.2130000005,1982969970.0,948192.0,79250786077.0
60,7.6,0.0,3161.5875244140625,3156.8572998046875,1217676.2399999998,1140099.2130000005,1982969970.0,948192.0,79250786077.0
61,7.6,0.0,3161.5875244140625,3156.8572998046875,1217676.2399999998,1140099.2130000005,1982969970.0,948192.0,79250786077.0
62,7.6,0.0,3161.5875244140625,3156.8572998046875,1217676.2399999998,1140099.2130000005,1982969970.0,948192.0,79250786077.0
63,7.6,0.0,3161.5875244140625,3156.8572998046875,1217676.2399999998,1140099.2130000005,1982969970.0,948192.0,79250786077.0
64,7.6,0.0,3161.5875244140625,3156.8572998046875,1217676.2399999998,1140099.2130000005,1982969970.0,948192.0,79250786077.0
65,7.6,0.0,3161.5875244140625,3156.8572998046875,1217676.2399999998,1140099.2130000005,1982969970.0,948192.0,79250786077.0
66,7.6,0.0,3161.5875244140625,3156.8572998046875,1217676.2399999998,1140099.2130000005,1982969970.0,948192.0,79250786077.0
67,7.6,0.0,3161.5875244140625,3156.8572998046875,1217676.2399999998,1140099.2130000005,1982969970.0,948192.0,79250786077.0
68,7.6,0.0,3161.5875244140625,3156.8572998046875,1217676.2399999998,1140099.2130000005,1982969970.0,948192.0,79250786077.0
69,7.6,0.0,3161.5875244140625,3156.8572998046875,1217676.2399999998,1140099.2130000005,1982969970.0,948192.0,79250786077.0
70,7.6,0.0,3161.5875244140625,3156.8572998046875,1217676.2399999998,1140099.2130000005,1982969970.0,948192.0,79250786077.0
71,7.6,0.0,3161.5875244140625,3156.8572998046875,1217676.2399999998,1140099.2130000005,1982969970.0,948192.0,79250786077.0
72,7.6,0.0,3161.5875244140625,3156.8572998046875,1217676.2399999998,1140099.2130000005,1982969970.0,948192.0,79250786077.0
73,7.6,0.0,3161.5875244140625,3156.8572998046875,1217676.2399999998,1140099.2130000005,1982969970.0,948192.0,79250786077.0
74,7.6,0.0,3161.5875244140625,3156.8572998046875,1217676.2399999998,1140099.2130000005,1982969970.0,948192.0,79250786077.0
75,7.6,0.0,3161.5875244140625,3156.8572998046875,1217676.2399999998,1140099.2130000005,1982969970.0,948192.0,79250786077.0
76,7.6,0.0,3161.5875244140625,3156.8572998046875,1217676.2399999998,1140099.2130000005,1982969970.0,948192.0,79250786077.0
77,7.6,0.0,3161.5875244140625,3156.8572998046875,1217676.2399999998,1140099.2130000005,1982969970.0,948192.0,79250786077.0
78,7.6,0.0,3161.5875244140625,3156.8572998046875,1217676.2399999998,1140099.2130000005,1982969970.0,948192.0,79250786077.0
79,7.6,0.0,3161.5875244140625,3156.8572998046875,1217676.2399999998,1140099.2130000005,1982969970.0,948192.0,79250786077.0
80,7.6,0.0,3161.5875244140625,3156.8572998046875,1217676.2399999998,1140099.2130000005,1982969970.0,948192.0,79250786077.0
81,7.6,0.0,3161.5875244140625,3156.8572998046875,1217676.2399999998,1140099.2130000005,1982969970.0,948192.0,79250786077.0
82,7.6,0.0,3161.5875244140625,3156.8572998046875,1217676.2399999998,1140099.2130000005,1982969970.0,948192.0,79250786077.0
83,7.6,0.0,3161.5875244140625,3156.8572998046875,1217676.2399999998,1140099.2130000005,1982969970.0,948192.0,79250786077.0
84,7.6,0.0,3161.5875244140625,3156.8572998046875,1217676.2399999998,1140099.2130000005,1982969970.0,948192.0,79250786077.0
85,7.6,0.0,3161.5875244140625,3156.8572998046875,1217676.2399999998,1140099.2130000005,1982969970.0,948192.0,79250786077.0
86,7.6,0.0,3161.5875244140625,3156.8572998046875,1217676.2399999998,1140099.2130000005,1982969970.0,948192.0,79250786077.0
87,7.6,0.0,3161.5875244140625,3156.8572998046875,1217676.2399999998,1140099.2130000005,1982969970.0,948192.0,79250786077.0
88,7.6,0.0,3161.5875244140625,3156.8572998046875,1217676.2399999998,1140099.2130000005,1982969970.0,948192.0,79250786077.0
89,7.6,0.0,3161.5875244140625,3156.8572998046875,1217676.2399999998,1140099.2130000005,1982969970.0,948192.0,79250786077.0
90,7.6,0.0,3161.5875244140625,3156.8572998046875,1217676.2399999998,1140099.2130000005,1982969970.0,948192.0,79250786077.0
91,7.6,0.0,3161.5875244140625,3156.8572998046875,1217676.2399999998,1140099.2130000005,1982969970.0,948192.0,79250786077.0
92,7.6,0.0,3161.5875244140625,3156.8572998046875,1217676.2399999998,1140099.2130000005,1982969970.0,948192.0,79250786077.0
93,7.6,0.0,3161.5875244140625,3156.8572998046875,1217676.2399999998,1140099.2130000005,1982969970.0,948192.0,79250786077.0
94,7.6,0.0,3161.5875244140625,3156.8572998046875,1217676.2399999998,1140099.2130000005,1982969970.0,948192.0,79250786077.0
95,7.6,0.0,3161.5875244140625,3156.8572998046875,1217676.2399999998,1140099.2130000005,1982969970.0,948192.0,79250786077.0
96,7.6,0.0,3161.5875244140625,3156.8572998046875,1217676.2399999998,1140099.2130000005,1982969970.0,948192.0,79250786077.0
97,7.6,0.0,3161.5875244140625,3156.8572998046875,1217676.2399999998,1140099.2130000005,1982969970.0,948192.0,79250786077.0
98,7.6,0.0,3161.5875244140625,3156.8572998046875,1217676.2399999998,1140099.2130000005,1982969970.0,948192.0,79250786077.0
99,7.6,0.0,3161.5875244140625,3156.8572998046875,1217676.2399999998,1140099.2130000005,1982969970.0,948192.0,79250786077.0
100,7.6,0.0,3161.5875244140625,3156.8572998046875,1217676.2399999998,1140099.2130000005,1982969970.0,948192.0,79250786077.0
101,7.6,0.0,3161.5875244140625,3156.8572998046875,1217676.2399999998,1140099.2130000005,1982969970.0,948192.0,79250786077.0
102,7.6,0.0,3161.5875244140625,3156.8572998046875,1217676.2399999998,1140099.2130000005,1982969970.0,948192.0,79250786077.0
103,7.6,0.0,3161.5875244140625,3156.8572998046875,1217676.2399999998,1140099.2130000005,1982969970.0,948192.0,79250786077.0
104,7.6,0.0,3161.5875244140625,3156.8572998046875,1217676.2399999998,1140099.2130000005,1982969970.0,948192.0,79250786077.0
105,7.6,0.0,3161.5875244140625,3156.8572998046875,1217676.2399999998,1140099.2130000005,1982969970.0,948192.0,79250786077.0
106,7.6,0.0,3161.5875244140625,3156.8572998046875,1217676.2399999998,1140099.2130000005,1982969970.0,948192.0,79250786077.0
107,7.6,0.0,3161.5875244140625,3156.8572998046875,1217676.2399999998,1140099.2130000005,1982969970.0,948192.0,79250786077.0
108,7.6,0.0,3161.5875244140625,3156.8572998046875,1217676.2399999998,1140099.2130000005,1982969970.0,948192.0,79250786077.0
109,7.6,0.0,3161.5875244140625,3156.8572998046875,1217676.2399999998,1140099.2130000005,1982969970.0,948192.0,79250786077.0
110,7.6,0.0,3161.5875244140625,3156.8572998046875,1217676.2399999998,1140099.2130000005,1982969970.0,948192.0,79250786077.0
111,7.6,0.0,3161.5875244140625,3156.8572998046875,1217676.2399999998,1140099.2130000005,1982969970.0,948192.0,79250786077.0
112,7.6,0.0,3161.5875244140625,3156.8572998046875,1217676.2399999998,1140099.2130000005,1982969970.0,948192.0,79250786077.0
113,7.6,0.0,3161.5875244140625,3156.8572998046875,1217676.2399999998,1140099.2130000005,1982969970.0,948192.0,79250786077.0
114,7.7,0.0,3161.5875244140625,3156.8572998046875,1217676.2399999998,1140099.2130000005,1982969970.0,948192.0,79250786077.0
115,7.7,0.0,3161.5875244140625,3156.8572998046875,1217676.2399999998,1140099.2130000005,1982969970.0,948192.0,79250786077.0
116,7.7,0.0,3161.5875244140625,3156.8572998046875,1217676.2399999998,1140099.2130000005,1982969970.0,948192.0,79250786077.0
117,7.7,0.0,3161.5875244140625,3156.8572998046875,1217676.2399999998,1140099.2130000005,1982969970.0,948192.0,79250786077.0
118,7.7,0.0,3161.5875244140625,3156.8572998046875,1217676.2399999998,1140099.2130000005,1982969970.0,948192.0,79250786077.0
119,7.7,0.0,3161.5875244140625,3156.8572998046875,1217676.2399999998,1140099.2130000005,1982969970.0,948192.0,79250786077.0
120,7.7,0.0,3161.5875244140625,3156.8572998046875,1217676.2399999998,1140099.2130000005,1982969970.0,948192.0,79250786077.0
121,7.7,0.0,3161.5875244140625,3156.8572998046875,1217676.2399999998,1140099.2130000005,1982969970.0,948192.0,79250786077.0
122,7.7,0.0,3161.5875244140625,3156.8572998046875,1217676.2399999998,1140099.2130000005,1982969970.0,948192.0,79250786077.0
123,7.7,0.0,3161.5875244140625,3156.8572998046875,1217676.2399999998,1140099.2130000005,1982969970.0,948192.0,79250786077.0
124,7.7,0.0,3161.5875244140625,3156.8572998046875,1217676.2399999998,1140099.2130000005,1982969970.0,948192.0,79250786077.0
125,7.7,0.0,3161.5875244140625,3156.8572998046875,1217676.2399999998,1140099.2130000005,1982969970.0,948192.0,79250786077.0
126,7.7,0.0,3161.5875244140625,3156.8572998046875,1217676.2399999998,1140099.2130000005,1982969970.0,948192.0,79250786077.0
127,7.7,0.0,3161.5875244140625,3156.8572998046875,1217676.2399999998,1140099.2130000005,1982969970.0,948192.0,79250786077.0
128,7.7,0.0,3161.5875244140625,3156.8572998046875,1217676.2399999998,1140099.2130000005,1982969970.0,948192.0,79250786077.0
129,7.7,0.0,3161.5875244140625,3156.8572998046875,1217676.2399999998,1140099.2130000005,1982969970.0,948192.0,79250786077.0
130,7.7,0.0,3161.5875244140625,3156.8572998046875,1217676.2399999998,1140099.2130000005,1982969970.0,948192.0,79250786077.0
131,7.7,0.0,3161.5875244140625,3156.8572998046875,1217676.2399999998,1140099.2130000005,1982969970.0,948192.0,79250786077.0
132,7.7,0.0,3161.5875244140625,3156.8572998046875,1217676.2399999998,1140099.2130000005,1982969970.0,948192.0,79250786077.0
133,7.7,0.0,3161.5875244140625,3156.8572998046875,1217676.2399999998,1140099.2130000005,1982969970.0,948192.0,79250786077.0
134,7.7,0.0,3161.5875244140625,3156.8572998046875,1217676.2399999998,1140099.2130000005,1982969970.0,948192.0,79250786077.0
135,7.7,0.0,3161.5875244140625,3156.8572998046875,1217676.2399999998,1140099.2130000005,1982969970.0,948192.0,79250786077.0
136,7.7,0.0,3161.5875244140625,3156.8572998046875,1217676.2399999998,1140099.2130000005,1982969970.0,948192.0,79250786077.0
137,7.7,0.0,3161.5875244140625,3156.8572998046875,1217676.2399999998,1140099.2130000005,1982969970.0,948192.0,79250786077.0
138,7.7,0.0,3161.5875244140625,3156.8572998046875,1217676.2399999998,1140099.2130000005,1982969970.0,948192.0,79250786077.0
139,7.7,0.0,3161.5875244140625,3156.8572998046875,1217676.2399999998,1140099.2130000005,1982969970.0,948192.0,79250786077.0
140,7.7,0.0,3161.5875244140625,3156.8572998046875,1217676.2399999998,1140099.2130000005,1982969970.0,948192.0,79250786077.0
141,7.7,0.0,3161.5875244140625,3156.8572998046875,1217676.2399999998,1140099.2130000005,1982969970.0,948192.0,79250786077.0
142,7.7,0.0,3161.5875244140625,3156.8572998046875,1217676.2399999998,1140099.2130000005,1982969970.0,948192.0,79250786077.0
143,7.7,0.0,3161.5875244140625,3156.8572998046875,1217676.2399999998,1140099.2130000005,1982969970.0,948192.0,79250786077.0
144,7.7,0.0,3161.5875244140625,3156.8572998046875,1217676.2399999998,1140099.2130000005,1982969970.0,948192.0,79250786077.0
145,7.7,0.0,3161.5875244140625,3156.8572998046875,1217676.2399999998,1140099.2130000005,1982969970.0,948192.0,79250786077.0
146,7.7,0.0,3161.5875244140625,3156.8572998046875,1217676.2399999998,1140099.2130000005,1982969970.0,948192.0,79250786077.0
147,7.7,0.0,3161.5875244140625,3156.8572998046875,1217676.2399999998,1140099.2130000005,1982969970.0,948192.0,79250786077.0
148,7.7,0.0,3161.5875244140625,3156.8572998046875,1217676.2399999998,1140099.2130000005,1982969970.0,948192.0,79250786077.0
149,7.7,0.0,3161.5875244140625,3156.8572998046875,1217676.2399999998,1140099.2130000005,1982969970.0,948192.0,79250786077.0
150,7.7,0.0,3161.5875244140625,3156.8572998046875,1217676.2399999998,1140099.2130000005,1982969970.0,948192.0,79250786077.0
151,7.7,0.0,3161.5875244140625,3156.8572998046875,1217676.2399999998,1140099.2130000005,1982969970.0,948192.0,79250786077.0
152,7.7,0.0,3161.5875244140625,3156.8572998046875,1217676.2399999998,1140099.2130000005,1982969970.0,948192.0,79250786077.0
153,7.7,0.0,3161.5875244140625,3156.8572998046875,1217676.2399999998,1140099.2130000005,1982969970.0,948192.0,79250786077.0
154,7.7,0.0,3161.5875244140625,3156.8572998046875,1217676.2399999998,1140099.2130000005,1982969970.0,948192.0,79250786077.0
155,7.7,0.0,3161.5875244140625,3156.8572998046875,1217676.2399999998,1140099.2130000005,1982969970.0,948192.0,79250786077.0
156,7.7,0.0,3161.5875244140625,3156.8572998046875,1217676.2399999998,1140099.2130000005,1982969970.0,948192.0,79250786077.0
157,7.7,0.0,3161.5875244140625,3156.8572998046875,1217676.2399999998,1140099.2130000005,1982969970.0,948192.0,79250786077.0
158,7.7,0.0,3161.5875244140625,3156.8572998046875,1217676.2399999998,1140099.2130000005,1982969970.0,948192.0,79250786077.0
159,7.7,0.0,3161.5875244140625,3156.8572998046875,1217676.2399999998,1140099.2130000005,1982969970.0,948192.0,79250786077.0
160,7.7,0.0,3161.5875244140625,3156.8572998046875,1217676.2399999998,1140099.2130000005,1982969970.0,948192.0,79250786077.0
161,7.7,0.0,3161.5875244140625,3156.8572998046875,1217676.2399999998,1140099.2130000005,1982969970.0,948192.0,79250786077.0
162,7.7,0.0,3161.5875244140625,3156.8572998046875,1217676.2399999998,1140099.2130000005,1982969970.0,948192.0,79250786077.0
163,7.7,0.0,3161.5875244140625,3156.8572998046875,1217676.2399999998,1140099.2130000005,1982969970.0,948192.0,79250786077.0
164,7.7,0.0,3161.5875244140625,3156.8572998046875,1217676.2399999998,1140099.2130000005,1982969970.0,948192.0,79250786077.0
165,7.7,0.0,3161.5875244140625,3156.8572998046875,1217676.2399999998,1140099.2130000005,1982969970.0,948192.0,79250786077.0
166,7.7,0.0,3161.5875244140625,3156.8572998046875,1217676.2399999998,1140099.2130000005,1982969970.0,948192.0,79250786077.0
167,7.7,0.0,3161.5875244140625,3156.8572998046875,1217676.2399999998,1140099.2130000005,1982969970.0,948192.0,79250786077.0
168,7.7,0.0,3161.5875244140625,3156.8572998046875,1217676.2399999998,1140099.2130000005,1982969970.0,948192.0,79250786077.0
169,7.7,0.0,3161.5875244140625,3156.8572998046875,1217676.2399999998,1140099.2130000005,1982969970.0,948192.0,79250786077.0
170,7.7,0.0,3161.5875244140625,3156.8572998046875,1217676.2399999998,1140099.2130000005,1982969970.0,948192.0,79250786077.0
171,7.7,0.0,3161.5875244140625,3156.8572998046875,1217676.2399999998,1140099.2130000005,1982969970.0,948192.0,79250786077.0
172,7.7,0.0,3161.5875244140625,3156.8572998046875,1217676.2399999998,1140099.2130000005,1982969970.0,948192.0,79250786077.0
173,7.7,0.0,3161.5875244140625,3156.8572998046875,1217676.2399999998,1140099.2130000005,1982969970.0,948192.0,79250786077.0
174,7.7,0.0,3161.5875244140625,3156.8572998046875,1217676.2399999998,1140099.2130000005,1982969970.0,948192.0,79250786077.0
175,7.7,0.0,3161.5875244140625,3156.8572998046875,1217676.2399999998,1140099.2130000005,1982969970.0,948192.0,79250786077.0
176,7.7,0.0,3161.5875244140625,3156.8572998046875,1217676.2399999998,1140099.2130000005,1982969970.0,948192.0,79250786077.0
177,7.7,0.0,3161.5875244140625,3156.8572998046875,1217676.2399999998,1140099.2130000005,1982969970.0,948192.0,79250786077.0
178,7.7,0.0,3161.5875244140625,3156.8572998046875,1217676.2399999998,1140099.2130000005,1982969970.0,948192.0,79250786077.0
179,7.7,0.0,3161.5875244140625,3156.8572998046875,1217676.2399999998,1140099.2130000005,1982969970.0,948192.0,79250786077.0
180,7.7,0.0,3161.5875244140625,3156.8572998046875,1217676.2399999998,1140099.2130000005,1982969970.0,948192.0,79250786077.0
181,7.7,0.0,3161.5875244140625,3156.8572998046875,1217676.2399999998,1140099.2130000005,1982969970.0,948192.0,79250786077.0
182,7.7,0.0,3161.5875244140625,3156.8572998046875,1217676.2399999998,1140099.2130000005,1982969970.0,948192.0,79250786077.0
183,7.7,0.0,3161.5875244140625,3156.8572998046875,1217676.2399999998,1140099.2130000005,1982969970.0,948192.0,79250786077.0
184,7.7,0.0,3161.5875244140625,3156.8572998046875,1217676.2399999998,1140099.2130000005,1982969970.0,948192.0,79250786077.0
185,7.7,0.0,3161.5875244140625,3156.8572998046875,1217676.2399999998,1140099.2130000005,1982969970.0,948192.0,79250786077.0
186,7.7,0.0,3161.5875244140625,3156.8572998046875,1217676.2399999998,1140099.2130000005,1982969970.0,948192.0,79250786077.0
187,7.7,0.0,3161.5875244140625,3156.8572998046875,1217676.2399999998,1140099.2130000005,1982969970.0,948192.0,79250786077.0
188,7.7,0.0,3161.5875244140625,3156.8572998046875,1217676.2399999998,1140099.2130000005,1982969970.0,948192.0,79250786077.0
189,7.7,0.0,3161.5875244140625,3156.8572998046875,1217676.2399999998,1140099.2130000005,1982969970.0,948192.0,79250786077.0
190,7.7,0.0,3161.5875244140625,3156.8572998046875,1217676.2399999998,1140099.2130000005,1982969970.0,948192.0,79250786077.0
191,7.7,0.0,3161.5875244140625,3156.8572998046875,1217676.2399999998,1140099.2130000005,1982969970.0,948192.0,79250786077.0
192,7.7,0.0,3161.5875244140625,3156.8572998046875,1217676.2399999998,1140099.2130000005,1982969970.0,948192.0,79250786077.0
193,7.7,0.0,3161.5875244140625,3156.8572998046875,1217676.2399999998,1140099.2130000005,1982969970.0,948192.0,79250786077.0
194,7.7,0.0,3161.5875244140625,3156.8572998046875,1217676.2399999998,1140099.2130000005,1982969970.0,948192.0,79250786077.0
195,7.7,0.0,3161.5875244140625,3156.8572998046875,1217676.2399999998,1140099.2130000005,1982969970.0,948192.0,79250786077.0
196,7.7,0.0,3161.5875244140625,3156.8572998046875,1217676.2399999998,1140099.2130000005,1982969970.0,948192.0,79250786077.0
197,7.7,0.0,3161.5875244140625,3156.8572998046875,1217676.2399999998,1140099.2130000005,1982969970.0,948192.0,79250786077.0
198,7.7,0.0,3161.5875244140625,3156.8572998046875,1217676.2399999998,1140099.2130000005,1982969970.0,948192.0,79250786077.0
199,7.7,0.0,3161.5875244140625,3156.8572998046875,1217676.2399999998,1140099.2130000005,1982969970.0,948192.0,79250786077.0
200,7.7,0.0,3161.5875244140625,3156.8572998046875,1217676.2399999998,1140099.2130000005,1982969970.0,948192.0,79250786077.0
201,7.7,0.0,3161.5875244140625,3156.8572998046875,1217676.2399999998,1140099.2130000005,1982969970.0,948192.0,79250786077.0
202,7.7,0.0,3161.5875244140625,3156.8572998046875,1217676.2399999998,1140099.2130000005,1982969970.0,948192.0,79250786077.0
203,7.7,0.0,3161.5875244140625,3156.8572998046875,1217676.2399999998,1140099.2130000005,1982969970.0,948192.0,79250786077.0
204,7.7,0.0,3161.5875244140625,3156.8572998046875,1217676.2399999998,1140099.2130000005,1982969970.0,948192.0,79250786077.0
205,7.7,0.0,3161.5875244140625,3156.8572998046875,1217676.2399999998,1140099.2130000005,1982969970.0,948192.0,79250786077.0
206,7.7,0.0,3161.5875244140625,3156.8572998046875,1217676.2399999998,1140099.2130000005,1982969970.0,948192.0,79250786077.0
207,7.7,0.0,3161.5875244140625,3156.8572998046875,1217676.2399999998,1140099.2130000005,1982969970.0,948192.0,79250786077.0
208,7.7,0.0,3161.5875244140625,3156.8572998046875,1217676.2399999998,1140099.2130000005,1982969970.0,948192.0,79250786077.0
209,7.7,0.0,3161.5875244140625,3156.8572998046875,1217676.2399999998,1140099.2130000005,1982969970.0,948192.0,79250786077.0
210,7.7,0.0,3161.5875244140625,3156.8572998046875,1217676.2399999998,1140099.2130000005,1982969970.0,948192.0,79250786077.0
211,7.7,0.0,3161.5875244140625,3156.8572998046875,1217676.2399999998,1140099.2130000005,1982969970.0,948192.0,79250786077.0
212,7.7,0.0,3161.5875244140625,3156.8572998046875,1217676.2399999998,1140099.2130000005,1982969970.0,948192.0,79250786077.0
213,7.7,0.0,3161.5875244140625,3156.8572998046875,1217676.2399999998,1140099.2130000005,1982969970.0,948192.0,79250786077.0
214,7.7,0.0,3161.5875244140625,3156.8572998046875,1217676.2399999998,1140099.2130000005,1982969970.0,948192.0,79250786077.0
215,7.7,0.0,3161.5875244140625,3156.8572998046875,1217676.2399999998,1140099.2130000005,1982969970.0,948192.0,79250786077.0
216,7.7,0.0,3161.5875244140625,3156.8572998046875,1217676.2399999998,1140099.2130000005,1982969970.0,948192.0,79250786077.0
217,7.7,0.0,3161.5875244140625,3156.8572998046875,1217676.2399999998,1140099.2130000005,1982969970.0,948192.0,79250786077.0
218,7.7,0.0,3161.5875244140625,3156.8572998046875,1217676.2399999998,1140099.2130000005,1982969970.0,948192.0,79250786077.0
219,7.7,0.0,3161.5875244140625,3156.8572998046875,1217676.2399999998,1140099.2130000005,1982969970.0,948192.0,79250786077.0
220,7.7,0.0,3161.5875244140625,3156.8572998046875,1217676.2399999998,1140099.2130000005,1982969970.0,948192.0,79250786077.0
221,7.7,0.0,3161.5875244140625,3156.8572998046875,1217676.2399999998,1140099.2130000005,1982969970.0,948192.0,79250786077.0
222,7.7,0.0,3161.5875244140625,3156.8572998046875,1217676.2399999998,1140099.2130000005,1982969970.0,948192.0,79250786077.0
223,7.7,0.0,3161.5875244140625,3156.8572998046875,1217676.2399999998,1140099.2130000005,1982969970.0,948192.0,79250786077.0
224,7.7,0.0,3161.5875244140625,3156.8572998046875,1217676.2399999998,1140099.2130000005,1982969970.0,948192.0,79250786077.0
225,7.7,0.0,3161.5875244140625,3156.8572998046875,1217676.2399999998,1140099.2130000005,1982969970.0,948192.0,79250786077.0
226,7.7,0.0,3161.5875244140625,3156.8572998046875,1217676.2399999998,1140099.2130000005,1982969970.0,948192.0,79250786077.0
227,7.7,0.0,3161.5875244140625,3156.8572998046875,1217676.2399999998,1140099.2130000005,1982969970.0,948192.0,79250786077.0
228,7.7,0.0,3161.5875244140625,3156.8572998046875,1217676.2399999998,1140099.2130000005,1982969970.0,948192.0,79250786077.0
229,7.7,0.0,3161.5875244140625,3156.8572998046875,1217676.2399999998,1140099.2130000005,1982969970.0,948192.0,79250786077.0
230,7.7,0.0,3161.5875244140625,3156.8572998046875,1217676.2399999998,1140099.2130000005,1982969970.0,948192.0,79250786077.0
231,7.7,0.0,3161.5875244140625,3156.8572998046875,1217676.2399999998,1140099.2130000005,1982969970.0,948192.0,79250786077.0
232,7.7,0.0,3161.5875244140625,3156.8572998046875,1217676.2399999998,1140099.2130000005,1982969970.0,948192.0,79250786077.0
233,7.7,0.0,3161.5875244140625,3156.8572998046875,1217676.2399999998,1140099.2130000005,1982969970.0,948192.0,79250786077.0
234,7.7,0.0,3161.5875244140625,3156.8572998046875,1217676.2399999998,1140099.2130000005,1982969970.0,948192.0,79250786077.0
235,7.7,0.0,3161.5875244140625,3156.8572998046875,1217676.2399999998,1140099.2130000005,1982969970.0,948192.0,79250786077.0
236,7.7,0.0,3161.5875244140625,3156.8572998046875,1217676.2399999998,1140099.2130000005,1982969970.0,948192.0,79250786077.0
237,7.7,0.0,3161.5875244140625,3156.8572998046875,1217676.2399999998,1140099.2130000005,1982969970.0,948192.0,79250786077.0
238,7.7,0.0,3161.5875244140625,3156.8572998046875,1217676.2399999998,1140099.2130000005,1982969970.0,948192.0,79250786077.0
239,7.7,0.0,3161.5875244140625,3156.8572998046875,1217676.2399999998,1140099.2130000005,1982969970.0,948192.0,79250786077.0
240,7.7,0.0,3161.5875244140625,3156.8572998046875,1217676.2399999998,1140099.2130000005,1982969970.0,948192.0,79250786077.0
241,7.7,0.0,3161.5875244140625,3156.8572998046875,1217676.2399999998,1140099.2130000005,1982969970.0,948192.0,79250786077.0
242,7.8,0.0,3161.5875244140625,3156.8572998046875,1217676.2399999998,1140099.2130000005,1982969970.0,948192.0,79250786077.0
243,7.8,0.0,3161.5875244140625,3156.8572998046875,1217676.2399999998,1140099.2130000005,1982969970.0,948192.0,79250786077.0
244,7.8,0.0,3161.5875244140625,3156.8572998046875,1217676.2399999998,1140099.2130000005,1982969970.0,948192.0,79250786077.0
245,7.8,0.0,3161.5875244140625,3156.8572998046875,1217676.2399999998,1140099.2130000005,1982969970.0,948192.0,79250786077.0
246,7.8,0.0,3161.5875244140625,3156.8572998046875,1217676.2399999998,1140099.2130000005,1982969970.0,948192.0,79250786077.0
247,7.8,0.0,3161.5875244140625,3156.8572998046875,1217676.2399999998,1140099.2130000005,1982969970.0,948192.0,79250786077.0
248,7.8,0.0,3161.5875244140625,3156.8572998046875,1217676.2399999998,1140099.2130000005,1982969970.0,948192.0,79250786077.0
249,7.8,0.0,3161.5875244140625,3156.8572998046875,1217676.2399999998,1140099.2130000005,1982969970.0,948192.0,79250786077.0
250,7.8,0.0,3161.5875244140625,3156.8572998046875,1217676.2399999998,1140099.2130000005,1982969970.0,948192.0,79250786077.0
251,7.8,0.0,3161.5875244140625,3156.8572998046875,1217676.2399999998,1140099.2130000005,1982969970.0,948192.0,79250786077.0
252,7.8,0.0,3161.5875244140625,3156.8572998046875,1217676.2399999998,1140099.2130000005,1982969970.0,948192.0,79250786077.0
253,7.8,0.0,3161.5875244140625,3156.8572998046875,1217676.2399999998,1140099.2130000005,1982969970.0,948192.0,79250786077.0
254,7.8,0.0,3161.5875244140625,3156.8572998046875,1217676.2399999998,1140099.2130000005,1982969970.0,948192.0,79250786077.0
255,7.8,0.0,3161.5875244140625,3156.8572998046875,1217676.2399999998,1140099.2130000005,1982969970.0,948192.0,79250786077.0
256,7.8,0.0,3161.5875244140625,3156.8572998046875,1217676.2399999998,1140099.2130000005,1982969970.0,948192.0,79250786077.0
257,7.8,0.0,3161.5875244140625,3156.8572998046875,1217676.2399999998,1140099.2130000005,1982969970.0,948192.0,79250786077.0
258,7.8,0.0,3161.5875244140625,3156.8572998046875,1217676.2399999998,1140099.2130000005,1982969970.0,948192.0,79250786077.0
259,7.8,0.0,3161.5875244140625,3156.8572998046875,1217676.2399999998,1140099.2130000005,1982969970.0,948192.0,79250786077.0
260,7.8,0.0,3161.5875244140625,3156.8572998046875,1217676.2399999998,1140099.2130000005,1982969970.0,948192.0,79250786077.0
261,7.8,0.0,3161.5875244140625,3156.8572998046875,1217676.2399999998,1140099.2130000005,1982969970.0,948192.0,79250786077.0
262,7.8,0.0,3161.5875244140625,3156.8572998046875,1217676.2399999998,1140099.2130000005,1982969970.0,948192.0,79250786077.0
263,7.8,0.0,3161.5875244140625,3156.8572998046875,1217676.2399999998,1140099.2130000005,1982969970.0,948192.0,79250786077.0
264,7.8,0.0,3161.5875244140625,3156.8572998046875,1217676.2399999998,1140099.2130000005,1982969970.0,948192.0,79250786077.0
265,7.8,0.0,3161.5875244140625,3156.8572998046875,1217676.2399999998,1140099.2130000005,1982969970.0,948192.0,79250786077.0
266,7.8,0.0,3161.5875244140625,3156.8572998046875,1217676.2399999998,1140099.2130000005,1982969970.0,948192.0,79250786077.0
267,7.8,0.0,3161.5875244140625,3156.8572998046875,1217676.2399999998,1140099.2130000005,1982969970.0,948192.0,79250786077.0
268,7.8,0.0,3161.5875244140625,3156.8572998046875,1217676.2399999998,1140099.2130000005,1982969970.0,948192.0,79250786077.0
269,7.8,0.0,3161.5875244140625,3156.8572998046875,1217676.2399999998,1140099.2130000005,1982969970.0,948192.0,79250786077.0
270,7.8,0.0,3161.5875244140625,3156.8572998046875,1217676.2399999998,1140099.2130000005,1982969970.0,948192.0,79250786077.0
271,7.8,0.0,3161.5875244140625,3156.8572998046875,1217676.2399999998,1140099.2130000005,1982969970.0,948192.0,79250786077.0
272,7.8,0.0,3161.5875244140625,3156.8572998046875,1217676.2399999998,1140099.2130000005,1982969970.0,948192.0,79250786077.0
273,7.8,0.0,3161.5875244140625,3156.8572998046875,1217676.2399999998,1140099.2130000005,1982969970.0,948192.0,79250786077.0
274,7.8,0.0,3161.5875244140625,3156.8572998046875,1217676.2399999998,1140099.2130000005,1982969970.0,948192.0,79250786077.0
275,7.8,0.0,3161.5875244140625,3156.8572998046875,1217676.2399999998,1140099.2130000005,1982969970.0,948192.0,79250786077.0
276,7.8,0.0,3161.5875244140625,3156.8572998046875,1217676.2399999998,1140099.2130000005,1982969970.0,948192.0,79250786077.0
277,7.8,0.0,3161.5875244140625,3156.8572998046875,1217676.2399999998,1140099.2130000005,1982969970.0,948192.0,79250786077.0
278,7.8,0.0,3161.5875244140625,3156.8572998046875,1217676.2399999998,1140099.2130000005,1982969970.0,948192.0,79250786077.0
279,7.8,0.0,3161.5875244140625,3156.8572998046875,1217676.2399999998,1140099.2130000005,1982969970.0,948192.0,79250786077.0
280,7.8,0.0,3161.5875244140625,3156.8572998046875,1217676.2399999998,1140099.2130000005,1982969970.0,948192.0,79250786077.0
281,7.8,0.0,3161.5875244140625,3156.8572998046875,1217676.2399999998,1140099.2130000005,1982969970.0,948192.0,79250786077.0
282,7.8,0.0,3161.5875244140625,3156.8572998046875,1217676.2399999998,1140099.2130000005,1982969970.0,948192.0,79250786077.0
283,7.8,0.0,3161.5875244140625,3156.8572998046875,1217676.2399999998,1140099.2130000005,1982969970.0,948192.0,79250786077.0
284,7.8,0.0,3161.5875244140625,3156.8572998046875,1217676.2399999998,1140099.2130000005,1982969970.0,948192.0,79250786077.0
285,7.8,0.0,3161.5875244140625,3156.8572998046875,1217676.2399999998,1140099.2130000005,1982969970.0,948192.0,79250786077.0
286,7.8,0.0,3161.5875244140625,3156.8572998046875,1217676.2399999998,1140099.2130000005,1982969970.0,948192.0,79250786077.0
287,7.8,0.0,3161.5875244140625,3156.8572998046875,1217676.2399999998,1140099.2130000005,1982969970.0,948192.0,79250786077.0
288,7.8,0.0,3161.5875244140625,3156.8572998046875,1217676.2399999998,1140099.2130000005,1982969970.0,948192.0,79250786077.0
289,7.8,0.0,3161.5875244140625,3156.8572998046875,1217676.2399999998,1140099.2130000005,1982969970.0,948192.0,79250786077.0
290,7.8,0.0,3161.5875244140625,3156.8572998046875,1217676.2399999998,1140099.2130000005,1982969970.0,948192.0,79250786077.0
291,7.8,0.0,3161.5875244140625,3156.8572998046875,1217676.2399999998,1140099.2130000005,1982969970.0,948192.0,79250786077.0
292,7.8,0.0,3161.5875244140625,3156.8572998046875,1217676.2399999998,1140099.2130000005,1982969970.0,948192.0,79250786077.0
293,7.8,0.0,3161.5875244140625,3156.8572998046875,1217676.2399999998,1140099.2130000005,1982969970.0,948192.0,79250786077.0
294,7.8,0.0,3161.5875244140625,3156.8572998046875,1217676.2399999998,1140099.2130000005,1982969970.0,948192.0,79250786077.0
295,7.8,0.0,3161.5875244140625,3156.8572998046875,1217676.2399999998,1140099.2130000005,1982969970.0,948192.0,79250786077.0
296,7.8,0.0,3161.5875244140625,3156.8572998046875,1217676.2399999998,1140099.2130000005,1982969970.0,948192.0,79250786077.0
297,7.8,0.0,3161.5875244140625,3156.8572998046875,1217676.2399999998,1140099.2130000005,1982969970.0,948192.0,79250786077.0
298,7.8,0.0,3161.5875244140625,3156.8572998046875,1217676.2399999998,1140099.2130000005,1982969970.0,948192.0,79250786077.0
299,7.8,0.0,3161.5875244140625,3156.8572998046875,1217676.2399999998,1140099.2130000005,1982969970.0,948192.0,79250786077.0
300,7.8,0.0,3161.5875244140625,3156.8572998046875,1217676.2399999998,1140099.2130000005,1982969970.0,948192.0,79250786077.0
301,7.8,0.0,3161.5875244140625,3156.8572998046875,1217676.2399999998,1140099.2130000005,1982969970.0,948192.0,79250786077.0
302,7.8,0.0,3161.5875244140625,3156.8572998046875,1217676.2399999998,1140099.2130000005,1982969970.0,948192.0,79250786077.0
303,7.8,0.0,3161.5875244140625,3156.8572998046875,1217676.2399999998,1140099.2130000005,1982969970.0,948192.0,79250786077.0
304,7.8,0.0,3161.5875244140625,3156.8572998046875,1217676.2399999998,1140099.2130000005,1982969970.0,948192.0,79250786077.0
305,7.8,0.0,3161.5875244140625,3156.8572998046875,1217676.2399999998,1140099.2130000005,1982969970.0,948192.0,79250786077.0
306,7.8,0.0,3161.5875244140625,3156.8572998046875,1217676.2399999998,1140099.2130000005,1982969970.0,948192.0,79250786077.0
307,7.8,0.0,3161.5875244140625,3156.8572998046875,1217676.2399999998,1140099.2130000005,1982969970.0,948192.0,79250786077.0
308,7.8,0.0,3161.5875244140625,3156.8572998046875,1217676.2399999998,1140099.2130000005,1982969970.0,948192.0,79250786077.0
309,7.8,0.0,3161.5875244140625,3156.8572998046875,1217676.2399999998,1140099.2130000005,1982969970.0,948192.0,79250786077.0
310,7.8,0.0,3161.5875244140625,3156.8572998046875,1217676.2399999998,1140099.2130000005,1982969970.0,948192.0,79250786077.0
311,7.8,0.0,3161.5875244140625,3156.8572998046875,1217676.2399999998,1140099.2130000005,1982969970.0,948192.0,79250786077.0
312,7.8,0.0,3161.5875244140625,3156.8572998046875,1217676.2399999998,1140099.2130000005,1982969970.0,948192.0,79250786077.0
313,7.8,0.0,3161.5875244140625,3156.8572998046875,1217676.2399999998,1140099.2130000005,1982969970.0,948192.0,79250786077.0
314,7.8,0.0,3161.5875244140625,3156.8572998046875,1217676.2399999998,1140099.2130000005,1982969970.0,948192.0,79250786077.0
315,7.8,0.0,3161.5875244140625,3156.8572998046875,1217676.2399999998,1140099.2130000005,1982969970.0,948192.0,79250786077.0
316,7.8,0.0,3161.5875244140625,3156.8572998046875,1217676.2399999998,1140099.2130000005,1982969970.0,948192.0,79250786077.0
317,7.8,0.0,3161.5875244140625,3156.8572998046875,1217676.2399999998,1140099.2130000005,1982969970.0,948192.0,79250786077.0
318,7.8,0.0,3161.5875244140625,3156.8572998046875,1217676.2399999998,1140099.2130000005,1982969970.0,948192.0,79250786077.0
319,7.8,0.0,3161.5875244140625,3156.8572998046875,1217676.2399999998,1140099.2130000005,1982969970.0,948192.0,79250786077.0
320,7.8,0.0,3161.5875244140625,3156.8572998046875,1217676.2399999998,1140099.2130000005,1982969970.0,948192.0,79250786077.0
321,7.8,0.0,3161.5875244140625,3156.8572998046875,1217676.2399999998,1140099.2130000005,1982969970.0,948192.0,79250786077.0
322,7.8,0.0,3161.5875244140625,3156.8572998046875,1217676.2399999998,1140099.2130000005,1982969970.0,948192.0,79250786077.0
323,7.8,0.0,3161.5875244140625,3156.8572998046875,1217676.2399999998,1140099.2130000005,1982969970.0,948192.0,79250786077.0
324,7.8,0.0,3161.5875244140625,3156.8572998046875,1217676.2399999998,1140099.2130000005,1982969970.0,948192.0,79250786077.0
325,7.8,0.0,3161.5875244140625,3156.8572998046875,1217676.2399999998,1140099.2130000005,1982969970.0,948192.0,79250786077.0
326,7.8,0.0,3161.5875244140625,3156.8572998046875,1217676.2399999998,1140099.2130000005,1982969970.0,948192.0,79250786077.0
327,7.8,0.0,3161.5875244140625,3156.8572998046875,1217676.2399999998,1140099.2130000005,1982969970.0,948192.0,79250786077.0
328,7.8,0.0,3161.5875244140625,3156.8572998046875,1217676.2399999998,1140099.2130000005,1982969970.0,948192.0,79250786077.0
329,7.8,0.0,3161.5875244140625,3156.8572998046875,1217676.2399999998,1140099.2130000005,1982969970.0,948192.0,79250786077.0
330,7.8,0.0,3161.5875244140625,3156.8572998046875,1217676.2399999998,1140099.2130000005,1982969970.0,948192.0,79250786077.0
331,7.8,0.0,3161.5875244140625,3156.8572998046875,1217676.2399999998,1140099.2130000005,1982969970.0,948192.0,79250786077.0
332,7.8,0.0,3161.5875244140625,3156.8572998046875,1217676.2399999998,1140099.2130000005,1982969970.0,948192.0,79250786077.0
333,7.8,0.0,3161.5875244140625,3156.8572998046875,1217676.2399999998,1140099.2130000005,1982969970.0,948192.0,79250786077.0
334,7.8,0.0,3161.5875244140625,3156.8572998046875,1217676.2399999998,1140099.2130000005,1982969970.0,948192.0,79250786077.0
335,7.8,0.0,3161.5875244140625,3156.8572998046875,1217676.2399999998,1140099.2130000005,1982969970.0,948192.0,79250786077.0
336,7.8,0.0,3161.5875244140625,3156.8572998046875,1217676.2399999998,1140099.2130000005,1982969970.0,948192.0,79250786077.0
337,7.8,0.0,3161.5875244140625,3156.8572998046875,1217676.2399999998,1140099.2130000005,1982969970.0,948192.0,79250786077.0
338,7.8,0.0,3161.5875244140625,3156.8572998046875,1217676.2399999998,1140099.2130000005,1982969970.0,948192.0,79250786077.0
339,7.8,0.0,3161.5875244140625,3156.8572998046875,1217676.2399999998,1140099.2130000005,1982969970.0,948192.0,79250786077.0
340,7.8,0.0,3161.5875244140625,3156.8572998046875,1217676.2399999998,1140099.2130000005,1982969970.0,948192.0,79250786077.0
341,7.8,0.0,3161.5875244140625,3156.8572998046875,1217676.2399999998,1140099.2130000005,1982969970.0,948192.0,79250786077.0
342,7.8,0.0,3161.5875244140625,3156.8572998046875,1217676.2399999998,1140099.2130000005,1982969970.0,948192.0,79250786077.0
343,7.8,0.0,3161.5875244140625,3156.8572998046875,1217676.2399999998,1140099.2130000005,1982969970.0,948192.0,79250786077.0
344,7.8,0.0,3161.5875244140625,3156.8572998046875,1217676.2399999998,1140099.2130000005,1982969970.0,948192.0,79250786077.0
345,7.8,0.0,3161.5875244140625,3156.8572998046875,1217676.2399999998,1140099.2130000005,1982969970.0,948192.0,79250786077.0
346,7.8,0.0,3161.5875244140625,3156.8572998046875,1217676.2399999998,1140099.2130000005,1982969970.0,948192.0,79250786077.0
347,7.8,0.0,3161.5875244140625,3156.8572998046875,1217676.2399999998,1140099.2130000005,1982969970.0,948192.0,79250786077.0
348,7.8,0.0,3161.5875244140625,3156.8572998046875,1217676.2399999998,1140099.2130000005,1982969970.0,948192.0,79250786077.0
349,7.8,0.0,3161.5875244140625,3156.8572998046875,1217676.2399999998,1140099.2130000005,1982969970.0,948192.0,79250786077.0
350,7.8,0.0,3161.5875244140625,3156.8572998046875,1217676.2399999998,1140099.2130000005,1982969970.0,948192.0,79250786077.0
351,7.9,0.0,3161.5875244140625,3156.8572998046875,1217676.2399999998,1140099.2130000005,1982969970.0,948192.0,79250786077.0
352,7.9,0.0,3161.5875244140625,3156.8572998046875,1217676.2399999998,1140099.2130000005,1982969970.0,948192.0,79250786077.0
353,7.9,0.0,3161.5875244140625,3156.8572998046875,1217676.2399999998,1140099.2130000005,1982969970.0,948192.0,79250786077.0
354,7.9,0.0,3161.5875244140625,3156.8572998046875,1217676.2399999998,1140099.2130000005,1982969970.0,948192.0,79250786077.0
355,7.9,0.0,3161.5875244140625,3156.8572998046875,1217676.2399999998,1140099.2130000005,1982969970.0,948192.0,79250786077.0
356,7.9,0.0,3161.5875244140625,3156.8572998046875,1217676.2399999998,1140099.2130000005,1982969970.0,948192.0,79250786077.0
357,7.9,0.0,3161.5875244140625,3156.8572998046875,1217676.2399999998,1140099.2130000005,1982969970.0,948192.0,79250786077.0
358,7.9,0.0,3161.5875244140625,3156.8572998046875,1217676.2399999998,1140099.2130000005,1982969970.0,948192.0,79250786077.0
359,7.9,0.0,3161.5875244140625,3156.8572998046875,1217676.2399999998,1140099.2130000005,1982969970.0,948192.0,79250786077.0
360,7.9,0.0,3161.5875244140625,3156.8572998046875,1217676.2399999998,1140099.2130000005,1982969970.0,948192.0,79250786077.0
361,7.9,0.0,3161.5875244140625,3156.8572998046875,1217676.2399999998,1140099.2130000005,1982969970.0,948192.0,79250786077.0
362,7.9,0.0,3161.5875244140625,3156.8572998046875,1217676.2399999998,1140099.2130000005,1982969970.0,948192.0,79250786077.0
363,7.9,0.0,3161.5875244140625,3156.8572998046875,1217676.2399999998,1140099.2130000005,1982969970.0,948192.0,79250786077.0
364,7.9,0.0,3161.5875244140625,3156.8572998046875,1217676.2399999998,1140099.2130000005,1982969970.0,948192.0,79250786077.0
365,7.9,0.0,3161.5875244140625,3156.8572998046875,1217676.2399999998,1140099.2130000005,1982969970.0,948192.0,79250786077.0
366,7.9,0.0,3161.5875244140625,3156.8572998046875,1217676.2399999998,1140099.2130000005,1982969970.0,948192.0,79250786077.0
367,7.9,0.0,3161.5875244140625,3156.8572998046875,1217676.2399999998,1140099.2130000005,1982969970.0,948192.0,79250786077.0
368,7.9,0.0,3161.5875244140625,3156.8572998046875,1217676.2399999998,1140099.2130000005,1982969970.0,948192.0,79250786077.0
369,7.9,0.0,3161.5875244140625,3156.8572998046875,1217676.2399999998,1140099.2130000005,1982969970.0,948192.0,79250786077.0
370,7.9,0.0,3161.5875244140625,3156.8572998046875,1217676.2399999998,1140099.2130000005,1982969970.0,948192.0,79250786077.0
371,7.8,0.0,3161.5875244140625,3156.8572998046875,1217676.2399999998,1140099.2130000005,1982969970.0,948192.0,79250786077.0
372,7.8,0.0,3161.5875244140625,3156.8572998046875,1217676.2399999998,1140099.2130000005,1982969970.0,948192.0,79250786077.0
373,7.8,0.0,3161.5875244140625,3156.8572998046875,1217676.2399999998,1140099.2130000005,1982969970.0,948192.0,79250786077.0
374,7.8,0.0,3161.5875244140625,3156.8572998046875,1217676.2399999998,1140099.2130000005,1982969970.0,948192.0,79250786077.0
375,7.8,0.0,3161.5875244140625,3156.8572998046875,1217676.2399999998,1140099.2130000005,1982969970.0,948192.0,79250786077.0
376,7.9,0.0,3161.5875244140625,3156.8572998046875,1217676.2399999998,1140099.2130000005,1982969970.0,948192.0,79250786077.0
377,7.9,0.0,3161.5875244140625,3156.8572998046875,1217676.2399999998,1140099.2130000005,1982969970.0,948192.0,79250786077.0
378,7.9,0.0,3161.5875244140625,3156.8572998046875,1217676.2399999998,1140099.2130000005,1982969970.0,948192.0,79250786077.0
379,7.9,0.0,3161.5875244140625,3156.8572998046875,1217676.2399999998,1140099.2130000005,1982969970.0,948192.0,79250786077.0
380,7.9,0.0,3161.5875244140625,3156.8572998046875,1217676.2399999998,1140099.2130000005,1982969970.0,948192.0,79250786077.0
381,7.9,0.0,3161.5875244140625,3156.8572998046875,1217676.2399999998,1140099.2130000005,1982969970.0,948192.0,79250786077.0
382,7.9,0.0,3161.5875244140625,3156.8572998046875,1217676.2399999998,1140099.2130000005,1982969970.0,948192.0,79250786077.0
383,7.9,0.0,3161.5875244140625,3156.8572998046875,1217676.2399999998,1140099.2130000005,1982969970.0,948192.0,79250786077.0
384,7.9,0.0,3161.5875244140625,3156.8572998046875,1217676.2399999998,1140099.2130000005,1982969970.0,948192.0,79250786077.0
385,7.9,0.0,3161.5875244140625,3156.8572998046875,1217676.2399999998,1140099.2130000005,1982969970.0,948192.0,79250786077.0
386,7.9,0.0,3161.5875244140625,3156.8572998046875,1217676.2399999998,1140099.2130000005,1982969970.0,948192.0,79250786077.0
387,7.9,0.0,3161.5875244140625,3156.8572998046875,1217676.2399999998,1140099.2130000005,1982969970.0,948192.0,79250786077.0
388,7.9,0.0,3161.5875244140625,3156.8572998046875,1217676.2399999998,1140099.2130000005,1982969970.0,948192.0,79250786077.0
389,7.9,0.0,3161.5875244140625,3156.8572998046875,1217676.2399999998,1140099.2130000005,1982969970.0,948192.0,79250786077.0
390,7.9,0.0,3161.5875244140625,3156.8572998046875,1217676.2399999998,1140099.2130000005,1982969970.0,948192.0,79250786077.0
391,7.9,0.0,3161.5875244140625,3156.8572998046875,1217676.2399999998,1140099.2130000005,1982969970.0,948192.0,79250786077.0
392,7.9,0.0,3161.5875244140625,3156.8572998046875,1217676.2399999998,1140099.2130000005,1982969970.0,948192.0,79250786077.0
393,7.9,0.0,3161.5875244140625,3156.8572998046875,1217676.2399999998,1140099.2130000005,1982969970.0,948192.0,79250786077.0
394,7.9,0.0,3161.5875244140625,3156.8572998046875,1217676.2399999998,1140099.2130000005,1982969970.0,948192.0,79250786077.0
395,7.9,0.0,3161.5875244140625,3156.8572998046875,1217676.2399999998,1140099.2130000005,1982969970.0,948192.0,79250786077.0
396,7.8,0.0,3161.5875244140625,3156.8572998046875,1217676.2399999998,1140099.2130000005,1982969970.0,948192.0,79250786077.0
397,7.8,0.0,3161.5875244140625,3156.8572998046875,1217676.2399999998,1140099.2130000005,1982969970.0,948192.0,79250786077.0
398,7.9,0.0,3161.5875244140625,3156.8572998046875,1217676.2399999998,1140099.2130000005,1982969970.0,948192.0,79250786077.0
399,7.9,0.0,3161.5875244140625,3156.8572998046875,1217676.2399999998,1140099.2130000005,1982969970.0,948192.0,79250786077.0
400,7.9,0.0,3161.5875244140625,3156.8572998046875,1217676.2399999998,1140099.2130000005,1982969970.0,948192.0,79250786077.0
401,7.9,0.0,3161.5875244140625,3156.8572998046875,1217676.2399999998,1140099.2130000005,1982969970.0,948192.0,79250786077.0
402,7.9,0.0,3161.5875244140625,3156.8572998046875,1217676.2399999998,1140099.2130000005,1982969970.0,948192.0,79250786077.0
403,7.9,0.0,3161.5875244140625,3156.8572998046875,1217676.2399999998,1140099.2130000005,1982969970.0,948192.0,79250786077.0
404,7.8,0.0,3161.5875244140625,3156.8572998046875,1217676.2399999998,1140099.2130000005,1982969970.0,948192.0,79250786077.0
405,7.8,0.0,3161.5875244140625,3156.8572998046875,1217676.2399999998,1140099.2130000005,1982969970.0,948192.0,79250786077.0
406,7.8,0.0,3161.5875244140625,3156.8572998046875,1217676.2399999998,1140099.2130000005,1982969970.0,948192.0,79250786077.0
407,7.9,0.0,3161.5875244140625,3156.8572998046875,1217676.2399999998,1140099.2130000005,1982969970.0,948192.0,79250786077.0
408,7.9,0.0,3161.5875244140625,3156.8572998046875,1217676.2399999998,1140099.2130000005,1982969970.0,948192.0,79250786077.0
409,7.9,0.0,3161.5875244140625,3156.8572998046875,1217676.2399999998,1140099.2130000005,1982969970.0,948192.0,79250786077.0
410,7.9,0.0,3161.5875244140625,3156.8572998046875,1217676.2399999998,1140099.2130000005,1982969970.0,948192.0,79250786077.0
411,7.9,0.0,3161.5875244140625,3156.8572998046875,1217676.2399999998,1140099.2130000005,1982969970.0,948192.0,79250786077.0
412,7.9,0.0,3161.5875244140625,3156.8572998046875,1217676.2399999998,1140099.2130000005,1982969970.0,948192.0,79250786077.0
413,7.9,0.0,3161.5875244140625,3156.8572998046875,1217676.2399999998,1140099.2130000005,1982969970.0,948192.0,79250786077.0
414,7.9,0.0,3161.5875244140625,3156.8572998046875,1217676.2399999998,1140099.2130000005,1982969970.0,948192.0,79250786077.0
415,7.9,0.0,3161.5875244140625,3156.8572998046875,1217676.2399999998,1140099.2130000005,1982969970.0,948192.0,79250786077.0
416,7.9,0.0,3161.5875244140625,3156.8572998046875,1217676.2399999998,1140099.2130000005,1982969970.0,948192.0,79250786077.0
417,7.9,0.0,3161.5875244140625,3156.8572998046875,1217676.2399999998,1140099.2130000005,1982969970.0,948192.0,79250786077.0
418,7.9,0.0,3161.5875244140625,3156.8572998046875,1217676.2399999998,1140099.2130000005,1982969970.0,948192.0,79250786077.0
419,7.9,0.0,3161.5875244140625,3156.8572998046875,1217676.2399999998,1140099.2130000005,1982969970.0,948192.0,79250786077.0
420,7.9,0.0,3161.5875244140625,3156.8572998046875,1217676.2399999998,1140099.2130000005,1982969970.0,948192.0,79250786077.0
421,7.9,0.0,3161.5875244140625,3156.8572998046875,1217676.2399999998,1140099.2130000005,1982969970.0,948192.0,79250786077.0
422,7.9,0.0,3161.5875244140625,3156.8572998046875,1217676.2399999998,1140099.2130000005,1982969970.0,948192.0,79250786077.0
423,7.9,0.0,3161.5875244140625,3156.8572998046875,1217676.2399999998,1140099.2130000005,1982969970.0,948192.0,79250786077.0
424,7.9,0.0,3161.5875244140625,3156.8572998046875,1217676.2399999998,1140099.2130000005,1982969970.0,948192.0,79250786077.0
425,7.9,0.0,3161.5875244140625,3156.8572998046875,1217676.2399999998,1140099.2130000005,1982969970.0,948192.0,79250786077.0
426,7.9,0.0,3161.5875244140625,3156.8572998046875,1217676.2399999998,1140099.2130000005,1982969970.0,948192.0,79250786077.0
427,7.9,0.0,3161.5875244140625,3156.8572998046875,1217676.2399999998,1140099.2130000005,1982969970.0,948192.0,79250786077.0
428,7.9,0.0,3161.5875244140625,3156.8572998046875,1217676.2399999998,1140099.2130000005,1982969970.0,948192.0,79250786077.0
429,7.9,0.0,3161.5875244140625,3156.8572998046875,1217676.2399999998,1140099.2130000005,1982969970.0,948192.0,79250786077.0
430,7.9,0.0,3161.5875244140625,3156.8572998046875,1217676.2399999998,1140099.2130000005,1982969970.0,948192.0,79250786077.0
431,7.9,0.0,3161.5875244140625,3156.8572998046875,1217676.2399999998,1140099.2130000005,1982969970.0,948192.0,79250786077.0
432,7.9,0.0,3161.5875244140625,3156.8572998046875,1217676.2399999998,1140099.2130000005,1982969970.0,948192.0,79250786077.0
433,7.9,0.0,3161.5875244140625,3156.8572998046875,1217676.2399999998,1140099.2130000005,1982969970.0,948192.0,79250786077.0
434,7.9,0.0,3161.5875244140625,3156.8572998046875,1217676.2399999998,1140099.2130000005,1982969970.0,948192.0,79250786077.0
435,7.9,0.0,3161.5875244140625,3156.8572998046875,1217676.2399999998,1140099.2130000005,1982969970.0,948192.0,79250786077.0
436,7.9,0.0,3161.5875244140625,3156.8572998046875,1217676.2399999998,1140099.2130000005,1982969970.0,948192.0,79250786077.0
437,7.9,0.0,3161.5875244140625,3156.8572998046875,1217676.2399999998,1140099.2130000005,1982969970.0,948192.0,79250786077.0
438,7.9,0.0,3161.5875244140625,3156.8572998046875,1217676.2399999998,1140099.2130000005,1982969970.0,948192.0,79250786077.0
439,7.9,0.0,3161.5875244140625,3156.8572998046875,1217676.2399999998,1140099.2130000005,1982969970.0,948192.0,79250786077.0
440,7.9,0.0,3161.5875244140625,3156.8572998046875,1217676.2399999998,1140099.2130000005,1982969970.0,948192.0,79250786077.0
441,7.9,0.0,3161.5875244140625,3156.8572998046875,1217676.2399999998,1140099.2130000005,1982969970.0,948192.0,79250786077.0
442,7.9,0.0,3161.5875244140625,3156.8572998046875,1217676.2399999998,1140099.2130000005,1982969970.0,948192.0,79250786077.0
443,7.9,0.0,3161.5875244140625,3156.8572998046875,1217676.2399999998,1140099.2130000005,1982969970.0,948192.0,79250786077.0
444,7.9,0.0,3161.5875244140625,3156.8572998046875,1217676.2399999998,1140099.2130000005,1982969970.0,948192.0,79250786077.0
445,7.9,0.0,3161.5875244140625,3156.8572998046875,1217676.2399999998,1140099.2130000005,1982969970.0,948192.0,79250786077.0
446,7.9,0.0,3161.5875244140625,3156.8572998046875,1217676.2399999998,1140099.2130000005,1982969970.0,948192.0,79250786077.0
447,7.9,0.0,3161.5875244140625,3156.8572998046875,1217676.2399999998,1140099.2130000005,1982969970.0,948192.0,79250786077.0
448,7.9,0.0,3161.5875244140625,3156.8572998046875,1217676.2399999998,1140099.2130000005,1982969970.0,948192.0,79250786077.0
449,7.9,0.0,3161.5875244140625,3156.8572998046875,1217676.2399999998,1140099.2130000005,1982969970.0,948192.0,79250786077.0
450,7.9,0.0,3161.5875244140625,3156.8572998046875,1217676.2399999998,1140099.2130000005,1982969970.0,948192.0,79250786077.0
451,7.9,0.0,3161.5875244140625,3156.8572998046875,1217676.2399999998,1140099.2130000005,1982969970.0,948192.0,79250786077.0
452,7.9,0.0,3161.5875244140625,3156.8572998046875,1217676.2399999998,1140099.2130000005,1982969970.0,948192.0,79250786077.0
453,7.9,0.0,3161.5875244140625,3156.8572998046875,1217676.2399999998,1140099.2130000005,1982969970.0,948192.0,79250786077.0
454,7.9,0.0,3161.5875244140625,3156.8572998046875,1217676.2399999998,1140099.2130000005,1982969970.0,948192.0,79250786077.0
455,7.9,0.0,3161.5875244140625,3156.8572998046875,1217676.2399999998,1140099.2130000005,1982969970.0,948192.0,79250786077.0
456,7.9,0.0,3161.5875244140625,3156.8572998046875,1217676.2399999998,1140099.2130000005,1982969970.0,948192.0,79250786077.0
457,7.9,0.0,3161.5875244140625,3156.8572998046875,1217676.2399999998,1140099.2130000005,1982969970.0,948192.0,79250786077.0
458,7.9,0.0,3161.5875244140625,3156.8572998046875,1217676.2399999998,1140099.2130000005,1982969970.0,948192.0,79250786077.0
459,7.9,0.0,3161.5875244140625,3156.8572998046875,1217676.2399999998,1140099.2130000005,1982969970.0,948192.0,79250786077.0
460,7.9,0.0,3161.5875244140625,3156.8572998046875,1217676.2399999998,1140099.2130000005,1982969970.0,948192.0,79250786077.0
461,7.9,0.0,3161.5875244140625,3156.8572998046875,1217676.2399999998,1140099.2130000005,1982969970.0,948192.0,79250786077.0
462,7.9,0.0,3161.5875244140625,3156.8572998046875,1217676.2399999998,1140099.2130000005,1982969970.0,948192.0,79250786077.0
463,7.9,0.0,3161.5875244140625,3156.8572998046875,1217676.2399999998,1140099.2130000005,1982969970.0,948192.0,79250786077.0
464,7.9,0.0,3161.5875244140625,3156.8572998046875,1217676.2399999998,1140099.2130000005,1982969970.0,948192.0,79250786077.0
465,7.9,0.0,3161.5875244140625,3156.8572998046875,1217676.2399999998,1140099.2130000005,1982969970.0,948192.0,79250786077.0
466,7.9,0.0,3161.5875244140625,3156.8572998046875,1217676.2399999998,1140099.2130000005,1982969970.0,948192.0,79250786077.0
467,7.9,0.0,3161.5875244140625,3156.8572998046875,1217676.2399999998,1140099.2130000005,1982969970.0,948192.0,79250786077.0
468,7.9,0.0,3161.5875244140625,3156.8572998046875,1217676.2399999998,1140099.2130000005,1982969970.0,948192.0,79250786077.0
469,7.9,0.0,3161.5875244140625,3156.8572998046875,1217676.2399999998,1140099.2130000005,1982969970.0,948192.0,79250786077.0
470,7.9,0.0,3161.5875244140625,3156.8572998046875,1217676.2399999998,1140099.2130000005,1982969970.0,948192.0,79250786077.0
471,7.9,0.0,3161.5875244140625,3156.8572998046875,1217676.2399999998,1140099.2130000005,1982969970.0,948192.0,79250786077.0
472,7.9,0.0,3161.5875244140625,3156.8572998046875,1217676.2399999998,1140099.2130000005,1982969970.0,948192.0,79250786077.0
473,7.9,0.0,3161.5875244140625,3156.8572998046875,1217676.2399999998,1140099.2130000005,1982969970.0,948192.0,79250786077.0
474,7.9,0.0,3161.5875244140625,3156.8572998046875,1217676.2399999998,1140099.2130000005,1982969970.0,948192.0,79250786077.0
475,7.9,0.0,3161.5875244140625,3156.8572998046875,1217676.2399999998,1140099.2130000005,1982969970.0,948192.0,79250786077.0
